img28.png,3
img39.png,3
img83.png,3
img84.png,2
img85.png,2
img86.png,2
img146.png,3
img147.png,3
img148.png,3
img149.png,3
img150.png,3
img151.png,3
img152.png,3
img153.png,3
img154.png,3
img155.png,0
img156.png,0
img157.png,0
img158.png,0
img180.png,0
img181.png,0
img201.png,3
img202.png,3
img203.png,3
img204.png,3
img205.png,3
img206.png,3
img207.png,3
img208.png,3
img292.png,1
img293.png,1
img294.png,1
img295.png,1
img296.png,1
img297.png,1
img298.png,1
img303.png,1
img304.png,1
img305.png,1
img306.png,1
img307.png,1
img308.png,1
img309.png,1
img310.png,1
img311.png,1
img312.png,1
img313.png,1
img315.png,3
img316.png,3
img317.png,3
img318.png,0
img319.png,0
img401.png,1
img402.png,1
img403.png,1
img407.png,1
img408.png,1
img409.png,1
img410.png,1
img411.png,1
img412.png,1
img413.png,1
img414.png,1
img415.png,1
img416.png,1
img417.png,1
img418.png,1
img419.png,1
img420.png,1
img421.png,1
img422.png,1
img423.png,1
img424.png,1
img425.png,1
img426.png,1
img428.png,0
img429.png,0
img430.png,0
img431.png,0
img459.png,2
img460.png,2
img461.png,2
img462.png,2
img463.png,2
img464.png,2
img465.png,2
img466.png,2
img467.png,2
img468.png,2
img469.png,2
img470.png,2
img471.png,2
img472.png,2
img473.png,2
img474.png,2
img475.png,2
img476.png,2
img477.png,2
img478.png,2
img479.png,2
img481.png,0
img482.png,0
img483.png,0
img484.png,0
img485.png,0
img486.png,0
img487.png,0
img488.png,0
img489.png,0
img502.png,0
img503.png,0
img504.png,0
img505.png,0
img512.png,1
img513.png,1
img514.png,1
img515.png,1
img516.png,1
img517.png,1
img518.png,1
img519.png,1
img520.png,1
img521.png,1
img522.png,1
img523.png,1
img524.png,1
img525.png,1
img526.png,1
img527.png,1
img528.png,1
img529.png,1
img530.png,1
img531.png,1
img532.png,1
img533.png,1
img556.png,0
img557.png,0
img558.png,0
img559.png,0
img566.png,2
img567.png,2
img568.png,2
img569.png,2
img570.png,2
img571.png,2
img572.png,2
img573.png,2
img574.png,2
img575.png,2
img576.png,2
img577.png,2
img578.png,2
img579.png,2
img580.png,2
img581.png,2
img582.png,2
img583.png,2
img584.png,2
img585.png,2
img586.png,2
img587.png,2
img588.png,2
img594.png,0
img595.png,0
img606.png,0
img607.png,0
img608.png,0
img609.png,0
img610.png,0
img611.png,0
img612.png,0
img617.png,2
img618.png,2
img619.png,2
img620.png,2
img621.png,2
img622.png,2
img623.png,2
img624.png,2
img625.png,2
img626.png,2
img627.png,2
img628.png,2
img629.png,2
img630.png,2
img631.png,2
img632.png,2
img633.png,2
img634.png,2
img635.png,2
img636.png,2
img637.png,2
img638.png,2
img639.png,2
img640.png,2
img641.png,2
img642.png,2
img644.png,0
img645.png,0
img646.png,0
img647.png,0
img648.png,0
img664.png,0
img665.png,0
img666.png,0
img667.png,0
img668.png,0
img669.png,0
img670.png,0
img672.png,1
img673.png,1
img674.png,1
img675.png,1
img676.png,1
img677.png,1
img678.png,1
img679.png,1
img680.png,1
img681.png,1
img682.png,1
img683.png,1
img684.png,1
img685.png,1
img686.png,1
img687.png,1
img688.png,1
img689.png,1
img690.png,1
img691.png,1
img692.png,1
img693.png,1
img694.png,1
img695.png,1
img696.png,1
img697.png,1
img698.png,0
img699.png,0
img700.png,0
img701.png,0
img722.png,0
img723.png,0
img724.png,0
img732.png,3
img733.png,3
img734.png,3
img735.png,3
img736.png,3
img737.png,3
img738.png,3
img739.png,3
img740.png,3
img741.png,3
img742.png,3
img743.png,3
img744.png,3
img745.png,3
img746.png,3
img747.png,3
img748.png,3
img749.png,3
img750.png,3
img751.png,3
img752.png,0
img753.png,0
img754.png,0
img755.png,0
img756.png,0
img757.png,0
img758.png,0
img759.png,0
img760.png,0
img761.png,0
img762.png,0
img770.png,0
img771.png,0
img772.png,0
img773.png,0
img774.png,0
img775.png,0
img776.png,0
img777.png,0
img778.png,0
img779.png,0
img780.png,0
img782.png,1
img783.png,1
img784.png,1
img785.png,1
img786.png,1
img787.png,1
img788.png,1
img789.png,1
img790.png,1
img791.png,1
img793.png,3
img794.png,3
img795.png,3
img796.png,3
img797.png,3
img798.png,3
img799.png,3
img800.png,3
img801.png,3
img802.png,3
img803.png,3
img804.png,3
img805.png,3
img806.png,3
img807.png,3
img808.png,0
img809.png,0
img810.png,0
img811.png,0
img822.png,0
img823.png,0
img832.png,0
img833.png,0
img834.png,0
img835.png,0
img838.png,2
img839.png,2
img840.png,2
img841.png,2
img842.png,2
img843.png,2
img844.png,2
img845.png,2
img846.png,2
img847.png,2
img848.png,2
img853.png,3
img854.png,3
img855.png,3
img856.png,3
img857.png,3
img858.png,3
img859.png,3
img860.png,3
img861.png,3
img862.png,3
img863.png,3
img864.png,0
img865.png,0
img866.png,0
img867.png,0
img868.png,0
img887.png,0
img888.png,0
img889.png,0
img890.png,0
img891.png,2
img892.png,2
img893.png,2
img894.png,2
img895.png,2
img896.png,2
img897.png,2
img898.png,2
img899.png,2
img900.png,2
img901.png,2
img902.png,2
img903.png,2
img904.png,2
img905.png,2
img906.png,2
img907.png,3
img908.png,3
img909.png,3
img910.png,3
img911.png,3
img912.png,3
img913.png,3
img914.png,3
img915.png,3
img916.png,3
img917.png,3
img918.png,0