img0.jpg,0
img1.jpg,0
img2.jpg,0
img3.jpg,0
img4.jpg,0
img5.jpg,0
img6.jpg,0
img7.jpg,0
img8.jpg,0
img9.jpg,0
img10.jpg,0
img11.jpg,0
img12.jpg,0
img13.jpg,0
img14.jpg,0
img15.jpg,0
img16.jpg,0
img17.jpg,0
img18.jpg,0
img19.jpg,0
img20.jpg,0
img21.jpg,0
img22.jpg,0
img23.jpg,0
img24.jpg,0
img25.jpg,0
img26.jpg,0
img27.jpg,0
img28.jpg,0
img29.jpg,0
img30.jpg,0
img31.jpg,0
img32.jpg,0
img33.jpg,0
img34.jpg,0
img35.jpg,0
img36.jpg,0
img37.jpg,0
img38.jpg,0
img39.jpg,0
img40.jpg,0
img41.jpg,0
img42.jpg,0
img43.jpg,0
img44.jpg,0
img45.jpg,0
img46.jpg,0
img47.jpg,0
img48.jpg,0
img49.jpg,0
img50.jpg,0
img51.jpg,0
img52.jpg,0
img53.jpg,0
img54.jpg,0
img55.jpg,0
img56.jpg,0
img57.jpg,0
img58.jpg,0
img59.jpg,0
img60.jpg,0
img61.jpg,0
img62.jpg,0
img63.jpg,0
img64.jpg,0
img65.jpg,0
img66.jpg,0
img67.jpg,2
img68.jpg,2
img69.jpg,0
img70.jpg,0
img71.jpg,0
img72.jpg,0
img73.jpg,0
img74.jpg,0
img75.jpg,0
img76.jpg,0
img77.jpg,0
img78.jpg,0
img79.jpg,0
img80.jpg,0
img81.jpg,0
img82.jpg,0
img83.jpg,0
img84.jpg,0
img85.jpg,0
img86.jpg,0
img87.jpg,0
img88.jpg,0
img89.jpg,0
img90.jpg,0
img91.jpg,1
img92.jpg,1
img93.jpg,2
img94.jpg,2
img95.jpg,0
img96.jpg,0
img97.jpg,0
img98.jpg,0
img99.jpg,0
img100.jpg,0
img101.jpg,0
img102.jpg,0
img103.jpg,0
img104.jpg,0
img105.jpg,0
img106.jpg,0
img107.jpg,0
img108.jpg,0
img109.jpg,0
img110.jpg,0
img111.jpg,0
img112.jpg,0
img113.jpg,0
img114.jpg,0
img115.jpg,0
img116.jpg,1
img117.jpg,1
img118.jpg,2
img119.jpg,2
img120.jpg,0
img121.jpg,0
img122.jpg,0
img123.jpg,0
img124.jpg,0
img125.jpg,0
img126.jpg,0
img127.jpg,0
img128.jpg,0
img129.jpg,0
img130.jpg,0
img131.jpg,0
img132.jpg,0
img133.jpg,0
img134.jpg,0
img135.jpg,0
img136.jpg,0
img137.jpg,0
img138.jpg,0
img139.jpg,0
img140.jpg,2
img141.jpg,2
img142.jpg,2
img143.jpg,0
img144.jpg,0
img145.jpg,0
img146.jpg,0
img147.jpg,0
img148.jpg,0
img149.jpg,0
img150.jpg,0
img151.jpg,0
img152.jpg,0
img153.jpg,0
img154.jpg,0
img155.jpg,0
img156.jpg,0
img157.jpg,0
img158.jpg,0
img159.jpg,0
img160.jpg,0
img161.jpg,0
img162.jpg,0
img163.jpg,0
img164.jpg,1
img165.jpg,2
img166.jpg,2
img167.jpg,2
img168.jpg,0
img169.jpg,0
img170.jpg,0
img171.jpg,0
img172.jpg,0
img173.jpg,0
img174.jpg,0
img175.jpg,0
img176.jpg,0
img177.jpg,0
img178.jpg,0
img179.jpg,0
img180.jpg,0
img181.jpg,0
img182.jpg,0
img183.jpg,0
img184.jpg,0
img185.jpg,0
img186.jpg,0
img187.jpg,0
img188.jpg,0
img189.jpg,0
img190.jpg,0
img191.jpg,0
img192.jpg,0
img193.jpg,0
img194.jpg,2
img195.jpg,2
img196.jpg,2
img197.jpg,0
img198.jpg,0
img199.jpg,0
img200.jpg,0
img201.jpg,0
img202.jpg,0
img203.jpg,0
img204.jpg,0
img205.jpg,0
img206.jpg,0
img207.jpg,0
img208.jpg,0
img209.jpg,0
img210.jpg,0
img211.jpg,0
img212.jpg,0
img213.jpg,0
img214.jpg,0
img215.jpg,0
img216.jpg,0
img217.jpg,0
img218.jpg,0
img219.jpg,0
img220.jpg,0
img221.jpg,0
img222.jpg,0
img223.jpg,0
img224.jpg,0
img225.jpg,0
img226.jpg,0
img227.jpg,0
img228.jpg,0
img229.jpg,0
img230.jpg,0
img231.jpg,0
img232.jpg,0
img233.jpg,0
img234.jpg,0
img235.jpg,0
img236.jpg,0
img237.jpg,0
img238.jpg,0
img239.jpg,0
img240.jpg,0
img241.jpg,0
img242.jpg,0
img243.jpg,0
img244.jpg,0
img245.jpg,0
img246.jpg,0
img247.jpg,0
img248.jpg,0
img249.jpg,0
img250.jpg,0
img251.jpg,2
img252.jpg,2
img253.jpg,0
img254.jpg,0
img255.jpg,0
img256.jpg,0
img257.jpg,0
img258.jpg,0
img259.jpg,0
img260.jpg,0
img261.jpg,0
img262.jpg,0
img263.jpg,0
img264.jpg,0
img265.jpg,0
img266.jpg,0
img267.jpg,0
img268.jpg,0
img269.jpg,0
img270.jpg,0
img271.jpg,0
img272.jpg,1
img273.jpg,1
img274.jpg,2
img275.jpg,2
img276.jpg,0
img277.jpg,0
img278.jpg,0
img279.jpg,0
img280.jpg,0
img281.jpg,0
img282.jpg,0
img283.jpg,0
img284.jpg,0
img285.jpg,0
img286.jpg,0
img287.jpg,0
img288.jpg,0
img289.jpg,0
img290.jpg,0
img291.jpg,0
img292.jpg,0
img293.jpg,0
img294.jpg,0
img295.jpg,1
img296.jpg,1
img297.jpg,0
img298.jpg,0
img299.jpg,1
img300.jpg,1
img301.jpg,0
img302.jpg,0
img303.jpg,0
img304.jpg,2
img305.jpg,2
img306.jpg,0
img307.jpg,0
img308.jpg,0
img309.jpg,0
img310.jpg,0
img311.jpg,0
img312.jpg,0
img313.jpg,0
img314.jpg,0
img315.jpg,0
img316.jpg,0
img317.jpg,0
img318.jpg,0
img319.jpg,0
img320.jpg,0
img321.jpg,0
img322.jpg,0
img323.jpg,0
img324.jpg,0
img325.jpg,0
img326.jpg,2
img327.jpg,2
img328.jpg,0
img329.jpg,0
img330.jpg,0
img331.jpg,0
img332.jpg,0
img333.jpg,0
img334.jpg,0
img335.jpg,0
img336.jpg,0
img337.jpg,0
img338.jpg,0
img339.jpg,0
img340.jpg,0
img341.jpg,0
img342.jpg,0
img343.jpg,0
img344.jpg,0
img345.jpg,0
img346.jpg,0
img347.jpg,0
img348.jpg,0
img349.jpg,0
img350.jpg,1
img351.jpg,1
img352.jpg,0
img353.jpg,2
img354.jpg,2
img355.jpg,0
img356.jpg,0
img357.jpg,0
img358.jpg,0
img359.jpg,0
img360.jpg,0
img361.jpg,0
img362.jpg,0
img363.jpg,0
img364.jpg,0
img365.jpg,0
img366.jpg,0
img367.jpg,0
img368.jpg,0
img369.jpg,0
img370.jpg,0
img371.jpg,0
img372.jpg,0
img373.jpg,0
img374.jpg,0
img375.jpg,0
img376.jpg,1
img377.jpg,1
img378.jpg,1
img379.jpg,0
img380.jpg,1
img381.jpg,1
img382.jpg,0
img383.jpg,0
img384.jpg,0
img385.jpg,0
img386.jpg,0
img387.jpg,0
img388.jpg,0
img389.jpg,0
img390.jpg,0
img391.jpg,0
img392.jpg,0
img393.jpg,0
img394.jpg,0
img395.jpg,0
img396.jpg,0
img397.jpg,0
img398.jpg,0
img399.jpg,0
img400.jpg,0
img401.jpg,0
img402.jpg,0
img403.jpg,0
img404.jpg,1
img405.jpg,0
img406.jpg,0
img407.jpg,0
img408.jpg,1
img409.jpg,1
img410.jpg,0
img411.jpg,2
img412.jpg,2
img413.jpg,0
img414.jpg,0
img415.jpg,0
img416.jpg,0
img417.jpg,0
img418.jpg,0
img419.jpg,0
img420.jpg,0
img421.jpg,0
img422.jpg,0
img423.jpg,0
img424.jpg,0
img425.jpg,0
img426.jpg,0
img427.jpg,0
img428.jpg,0
img429.jpg,0
img430.jpg,0
img431.jpg,0
img432.jpg,1
img433.jpg,0
img434.jpg,0
img435.jpg,0
img436.jpg,0
img437.jpg,0
img438.jpg,0
img439.jpg,0
img440.jpg,0
img441.jpg,0
img442.jpg,0
img443.jpg,0
img444.jpg,0
img445.jpg,0
img446.jpg,0
img447.jpg,0
img448.jpg,0
img449.jpg,0
img450.jpg,0
img451.jpg,0
img452.jpg,0
img453.jpg,0
img454.jpg,0
img455.jpg,0
img456.jpg,0
img457.jpg,0
img458.jpg,0
img459.jpg,0
img460.jpg,0
img461.jpg,0
img462.jpg,0
img463.jpg,0
img464.jpg,0
img465.jpg,0
img466.jpg,0
img467.jpg,0
img468.jpg,0
img469.jpg,0
img470.jpg,0
img471.jpg,0
img472.jpg,0
img473.jpg,0
img474.jpg,0
img475.jpg,0
img476.jpg,0
img477.jpg,0
img478.jpg,0
img479.jpg,0
img480.jpg,0
img481.jpg,0
img482.jpg,0
img483.jpg,0
img484.jpg,0
img485.jpg,0
img486.jpg,0
img487.jpg,0
img488.jpg,0
img489.jpg,0
img490.jpg,0
img491.jpg,0
img492.jpg,0
img493.jpg,0
img494.jpg,1
img495.jpg,1
img496.jpg,2
img497.jpg,2
img498.jpg,0
img499.jpg,0
img500.jpg,0
img501.jpg,0
img502.jpg,0
img503.jpg,0
img504.jpg,0
img505.jpg,0
img506.jpg,0
img507.jpg,0
img508.jpg,0
img509.jpg,0
img510.jpg,0
img511.jpg,0
img512.jpg,0
img513.jpg,0
img514.jpg,0
img515.jpg,0
img516.jpg,0
img517.jpg,0
img518.jpg,0
img519.jpg,0
img520.jpg,1
img521.jpg,1
img522.jpg,2
img523.jpg,2
img524.jpg,0
img525.jpg,0
img526.jpg,0
img527.jpg,0
img528.jpg,0
img529.jpg,0
img530.jpg,0
img531.jpg,0
img532.jpg,0
img533.jpg,0
img534.jpg,0
img535.jpg,0
img536.jpg,0
img537.jpg,0
img538.jpg,0
img539.jpg,0
img540.jpg,0
img541.jpg,0
img542.jpg,0
img543.jpg,0
img544.jpg,0
img545.jpg,0
img546.jpg,0
img547.jpg,0
img548.jpg,0
img549.jpg,0
img550.jpg,0
img551.jpg,0
img552.jpg,0
img553.jpg,0
img554.jpg,0
img555.jpg,0
img556.jpg,0
img557.jpg,0
img558.jpg,0
img559.jpg,0
img560.jpg,0
img561.jpg,0
img562.jpg,0
img563.jpg,0
img564.jpg,0
img565.jpg,0
img566.jpg,0
img567.jpg,0
img568.jpg,0
img569.jpg,0
img570.jpg,0
img571.jpg,0
img572.jpg,0
img573.jpg,0
img574.jpg,0
img575.jpg,0
img576.jpg,0
img577.jpg,0
img578.jpg,0
img579.jpg,0
img580.jpg,0
img581.jpg,0
img582.jpg,0
img583.jpg,0
img584.jpg,0
img585.jpg,0
img586.jpg,0
img587.jpg,0
img588.jpg,0
img589.jpg,0
img590.jpg,0
img591.jpg,0
img592.jpg,0
img593.jpg,0
img594.jpg,0
img595.jpg,0
img596.jpg,0
img597.jpg,0
img598.jpg,0
img599.jpg,0
img600.jpg,0
img601.jpg,0
img602.jpg,0
img603.jpg,0
img604.jpg,0
img605.jpg,0
img606.jpg,0
img607.jpg,0
img608.jpg,0
img609.jpg,0
img610.jpg,0
img611.jpg,0
img612.jpg,0
img613.jpg,0
img614.jpg,0
img615.jpg,0
img616.jpg,0
img617.jpg,0
img618.jpg,0
img619.jpg,0
img620.jpg,0
img621.jpg,0
img622.jpg,0
img623.jpg,0
img624.jpg,0
img625.jpg,0
img626.jpg,0
img627.jpg,0
img628.jpg,0